Date,Title,Price
2023-05-26,Kenneth Cole Analog Gray Dial Men's Watch-KCWGO2218502MN,"14,995
                            
                             ."
2023-05-26,Kenneth Cole Analog Gray Dial Men's Watch-KCWGO2218502MN,"14,995
                            
                             ."
2023-05-26,Kenneth Cole Analog Gray Dial Men's Watch-KCWGO2218502MN,"14,995"
2023-05-26,Kenneth Cole Analog Gray Dial Men's Watch-KCWGO2218502MN,"14,995
                            
                             ."
2023-05-26,Kenneth Cole Analog Gray Dial Men's Watch-KCWGO2218502MN,"14,995
                            
                             ."
2023-05-26,Kenneth Cole Analog Gray Dial Men's Watch-KCWGO2218502MN,"14,995
                            
                             ."
2023-05-26,Kenneth Cole Analog Gray Dial Men's Watch-KCWGO2218502MN,"14,995
                            
                             ."
2023-05-26,Kenneth Cole Analog Gray Dial Men's Watch-KCWGO2218502MN,"14,995"
2023-05-26,Kenneth Cole Analog Gray Dial Men's Watch-KCWGO2218502MN,"14,995
                            
                             ."
2023-05-26,Kenneth Cole Analog Gray Dial Men's Watch-KCWGO2218502MN,"14,995
                            
                             ."
2023-05-26,Kenneth Cole Analog Gray Dial Men's Watch-KCWGO2218502MN,"14,995
                            
                             ."
